id,first_name,last_name,email,username
1,Zsa zsa,Studde,zstudde0@booking.com,zstudde0
2,Shel,Laidlaw,slaidlaw1@fema.gov,slaidlaw1
3,Stefa,Thys,sthys2@cocolog-nifty.com,sthys2
4,Phylys,Ketchaside,pketchaside3@digg.com,pketchaside3
5,Dame,O' Meara,domeara4@tuttocitta.it,domeara4
6,Roselle,McAvin,rmcavin5@cyberchimps.com,rmcavin5
7,Deidre,Mccaull,dmccaull6@arizona.edu,dmccaull6
8,Christabel,O'Cannon,cocannon7@xrea.com,cocannon7
9,Ganny,Verna,gverna8@ftc.gov,gverna8
10,Lonna,Graysmark,lgraysmark9@sciencedaily.com,lgraysmark9
11,Merv,Iannetti,miannettia@youku.com,miannettia
12,Antonia,Olensby,aolensbyb@purevolume.com,aolensbyb
13,Vincenz,Parkyns,vparkynsc@admin.ch,vparkynsc
14,Tory,Leverington,tleveringtond@google.nl,tleveringtond
15,Deva,Nockells,dnockellse@nydailynews.com,dnockellse
16,Meara,Rubenczyk,mrubenczykf@google.ru,mrubenczykf
17,Hynda,Colqueran,hcolquerang@hc360.com,hcolquerang
18,Eal,Yakebowitch,eyakebowitchh@aol.com,eyakebowitchh
19,Pearline,Marchington,pmarchingtoni@ameblo.jp,pmarchingtoni
20,Nils,Lowrie,nlowriej@oracle.com,nlowriej
21,Letizia,Downham,ldownhamk@artisteer.com,ldownhamk
22,Jack,MacMenamie,jmacmenamiel@istockphoto.com,jmacmenamiel
23,Kingsley,Hayhurst,khayhurstm@cbc.ca,khayhurstm
24,Westbrook,Marjanovic,wmarjanovicn@shareasale.com,wmarjanovicn
25,Liz,Mulvihill,lmulvihillo@walmart.com,lmulvihillo
26,Angel,Blackden,ablackdenp@wp.com,ablackdenp
27,Cathie,Pimley,cpimleyq@ftc.gov,cpimleyq
28,Rutter,Hilary,rhilaryr@wiley.com,rhilaryr
29,Sammie,Hayesman,shayesmans@ocn.ne.jp,shayesmans
30,Caitlin,Snipe,csnipet@statcounter.com,csnipet
31,Lanie,Bewly,lbewlyu@icq.com,lbewlyu
32,Bab,Hagger,bhaggerv@netlog.com,bhaggerv
33,Herve,Ritchie,hritchiew@ucoz.ru,hritchiew
34,Flynn,Jimmison,fjimmisonx@mac.com,fjimmisonx
35,Raimund,Extil,rextily@addtoany.com,rextily
36,Greggory,Aldiss,galdissz@bloglines.com,galdissz
37,Graham,Gough,ggough10@slashdot.org,ggough10
38,Baxie,Portail,bportail11@de.vu,bportail11
39,Tawnya,Castleman,tcastleman12@dmoz.org,tcastleman12
40,Marillin,Noir,mnoir13@fda.gov,mnoir13
41,Esta,Eckhard,eeckhard14@geocities.jp,eeckhard14
42,Dewain,Clerc,dclerc15@ameblo.jp,dclerc15
43,Cynthia,Hamilton,chamilton16@eepurl.com,chamilton16
44,Muire,Hardwin,mhardwin17@indiatimes.com,mhardwin17
45,Erinna,Fallawe,efallawe18@odnoklassniki.ru,efallawe18
46,Vania,Amott,vamott19@1und1.de,vamott19
47,Annmarie,Pattullo,apattullo1a@drupal.org,apattullo1a
48,Arvie,Hatchett,ahatchett1b@lulu.com,ahatchett1b
49,Eden,Rapps,erapps1c@alibaba.com,erapps1c
50,Aaron,Gamil,agamil1d@hao123.com,agamil1d
51,Jorge,Comrie,jcomrie1e@si.edu,jcomrie1e
52,Verile,Czajka,vczajka1f@washingtonpost.com,vczajka1f
53,Dedra,Hue,dhue1g@smugmug.com,dhue1g
54,Imelda,Bogaert,ibogaert1h@apple.com,ibogaert1h
55,Darill,Mulcock,dmulcock1i@ucoz.com,dmulcock1i
56,Saree,Bridel,sbridel1j@boston.com,sbridel1j
57,Hally,Lebourn,hlebourn1k@bluehost.com,hlebourn1k
58,Neill,Clemett,nclemett1l@163.com,nclemett1l
59,Robbyn,Petracchi,rpetracchi1m@bing.com,rpetracchi1m
60,Ancell,Melluish,amelluish1n@vk.com,amelluish1n
61,Melva,Skin,mskin1o@telegraph.co.uk,mskin1o
62,Valma,Medeway,vmedeway1p@blogger.com,vmedeway1p
63,Gianna,Beams,gbeams1q@hatena.ne.jp,gbeams1q
64,Falito,McKelvey,fmckelvey1r@wordpress.com,fmckelvey1r
65,Keefer,Ledward,kledward1s@archive.org,kledward1s
66,Tad,Glander,tglander1t@google.cn,tglander1t
67,Kara-lynn,Isaac,kisaac1u@boston.com,kisaac1u
68,Lesli,MacTrusty,lmactrusty1v@github.io,lmactrusty1v
69,Aveline,Clemenza,aclemenza1w@flickr.com,aclemenza1w
70,Fancy,Whitford,fwhitford1x@phpbb.com,fwhitford1x
71,Alison,Dell Casa,adellcasa1y@privacy.gov.au,adellcasa1y
72,Garvey,Larkins,glarkins1z@blogs.com,glarkins1z
73,Joan,Matushevitz,jmatushevitz20@flickr.com,jmatushevitz20
74,Rica,Davall,rdavall21@blogspot.com,rdavall21
75,Issie,Dennerley,idennerley22@histats.com,idennerley22
76,Nell,Meriguet,nmeriguet23@google.fr,nmeriguet23
77,Rainer,Levesque,rlevesque24@tamu.edu,rlevesque24
78,Jared,Spillett,jspillett25@unicef.org,jspillett25
79,Winonah,Jurges,wjurges26@mysql.com,wjurges26
80,Vida,Banting,vbanting27@ocn.ne.jp,vbanting27
81,Skip,Legrand,slegrand28@nationalgeographic.com,slegrand28
82,Doralynne,Prati,dprati29@merriam-webster.com,dprati29
83,Lucienne,Priden,lpriden2a@independent.co.uk,lpriden2a
84,Mechelle,Burnard,mburnard2b@cbsnews.com,mburnard2b
85,Wilfrid,Nancekivell,wnancekivell2c@ucsd.edu,wnancekivell2c
86,Marina,Gawith,mgawith2d@tiny.cc,mgawith2d
87,Patrice,Kuhn,pkuhn2e@nydailynews.com,pkuhn2e
88,Dominga,De Gregario,ddegregario2f@dell.com,ddegregario2f
89,Lorry,Radke,lradke2g@bing.com,lradke2g
90,Alaster,Desforges,adesforges2h@wsj.com,adesforges2h
91,Marietta,Joiris,mjoiris2i@blogtalkradio.com,mjoiris2i
92,Flss,Kadwallider,fkadwallider2j@discuz.net,fkadwallider2j
93,Efrem,Freeburn,efreeburn2k@bigcartel.com,efreeburn2k
94,Luisa,Perrinchief,lperrinchief2l@xing.com,lperrinchief2l
95,Dianne,Tombleson,dtombleson2m@slate.com,dtombleson2m
96,Rodina,Pitrelli,rpitrelli2n@slideshare.net,rpitrelli2n
97,Corey,Birtwisle,cbirtwisle2o@people.com.cn,cbirtwisle2o
98,Sukey,Sheppard,ssheppard2p@wordpress.com,ssheppard2p
99,Roz,Greatreax,rgreatreax2q@ucoz.ru,rgreatreax2q
100,Renado,Splevings,rsplevings2r@epa.gov,rsplevings2r
101,Homere,Andresser,handresser2s@macromedia.com,handresser2s
102,Carroll,Spiniello,cspiniello2t@fotki.com,cspiniello2t
103,Dylan,Drewett,ddrewett2u@buzzfeed.com,ddrewett2u
104,Lyndel,Askaw,laskaw2v@free.fr,laskaw2v
105,Ardelle,Woodley,awoodley2w@squidoo.com,awoodley2w
106,Marlyn,McGrale,mmcgrale2x@ehow.com,mmcgrale2x
107,Lauree,Gouth,lgouth2y@shop-pro.jp,lgouth2y
108,Almire,Andor,aandor2z@sciencedirect.com,aandor2z
109,Lorant,Heaseman,lheaseman30@auda.org.au,lheaseman30
110,Dorie,Shambrook,dshambrook31@ibm.com,dshambrook31
111,Gustaf,Holme,gholme32@blogspot.com,gholme32
112,Berne,Jeens,bjeens33@imageshack.us,bjeens33
113,Gavan,Gruszka,ggruszka34@ucoz.ru,ggruszka34
114,Marget,Anstead,manstead35@liveinternet.ru,manstead35
115,Lacey,Vakhonin,lvakhonin36@nyu.edu,lvakhonin36
116,Tabor,Claque,tclaque37@gnu.org,tclaque37
117,Philippine,Carslaw,pcarslaw38@toplist.cz,pcarslaw38
118,Shaine,Troke,stroke39@paypal.com,stroke39
119,Olvan,Tenby,otenby3a@newsvine.com,otenby3a
120,Kennett,Blampied,kblampied3b@nsw.gov.au,kblampied3b
121,Novelia,Lipscombe,nlipscombe3c@lulu.com,nlipscombe3c
122,Adriane,Pepin,apepin3d@geocities.com,apepin3d
123,Natty,Beccera,nbeccera3e@scribd.com,nbeccera3e
124,Enoch,Fuke,efuke3f@example.com,efuke3f
125,Giacomo,Ben,gben3g@yolasite.com,gben3g
126,Les,Joddins,ljoddins3h@vinaora.com,ljoddins3h
127,Helen,Janiak,hjaniak3i@godaddy.com,hjaniak3i
128,Michelle,Stove,mstove3j@youtu.be,mstove3j
129,Adiana,Goldsbrough,agoldsbrough3k@imdb.com,agoldsbrough3k
130,Ozzie,Hellmer,ohellmer3l@acquirethisname.com,ohellmer3l
131,Joelie,McGrah,jmcgrah3m@last.fm,jmcgrah3m
132,Steward,Keming,skeming3n@fotki.com,skeming3n
133,Ibbie,Plaid,iplaid3o@whitehouse.gov,iplaid3o
134,Shina,Myrick,smyrick3p@state.tx.us,smyrick3p
135,Shandy,Goodfield,sgoodfield3q@telegraph.co.uk,sgoodfield3q
136,Yule,Yurocjhin,yyurocjhin3r@unicef.org,yyurocjhin3r
137,Issie,Pullin,ipullin3s@sina.com.cn,ipullin3s
138,Nealy,Ware,nware3t@blogspot.com,nware3t
139,Giana,Colten,gcolten3u@newyorker.com,gcolten3u
140,Aili,Hateley,ahateley3v@oaic.gov.au,ahateley3v
141,Bibbie,Elleton,belleton3w@about.com,belleton3w
142,Pepito,Jelley,pjelley3x@example.com,pjelley3x
143,Orson,Maccree,omaccree3y@tuttocitta.it,omaccree3y
144,Jayme,Westlake,jwestlake3z@opensource.org,jwestlake3z
145,Leanor,Spiers,lspiers40@delicious.com,lspiers40
146,Fee,Stubbins,fstubbins41@github.io,fstubbins41
147,Gerri,Lenaghen,glenaghen42@wikia.com,glenaghen42
148,Cherida,La Wille,clawille43@smh.com.au,clawille43
149,Blaine,Soldi,bsoldi44@so-net.ne.jp,bsoldi44
150,Laurens,Tapping,ltapping45@blogger.com,ltapping45
151,Terza,Durrant,tdurrant46@alexa.com,tdurrant46
152,Dael,Boadby,dboadby47@slate.com,dboadby47
153,Katrina,Dalwood,kdalwood48@ebay.com,kdalwood48
154,Benton,O'Hollegan,bohollegan49@netvibes.com,bohollegan49
155,Nanine,Greenlees,ngreenlees4a@flavors.me,ngreenlees4a
156,Mead,Haresnaip,mharesnaip4b@sphinn.com,mharesnaip4b
157,Fara,Kingswold,fkingswold4c@wp.com,fkingswold4c
158,Josepha,Iddon,jiddon4d@sogou.com,jiddon4d
159,Steffi,Kemmey,skemmey4e@umich.edu,skemmey4e
160,Grantham,MacPaike,gmacpaike4f@ox.ac.uk,gmacpaike4f
161,Minna,Kermath,mkermath4g@blogs.com,mkermath4g
162,Gerrie,Hazelgrove,ghazelgrove4h@dot.gov,ghazelgrove4h
163,Tamar,Khomich,tkhomich4i@bloomberg.com,tkhomich4i
164,Randolph,Grieg,rgrieg4j@home.pl,rgrieg4j
165,Kirsten,Kenewel,kkenewel4k@tmall.com,kkenewel4k
166,Paul,O'Docherty,podocherty4l@cafepress.com,podocherty4l
167,Elladine,Lording,elording4m@mapy.cz,elording4m
168,Terri-jo,Lorkings,tlorkings4n@weibo.com,tlorkings4n
169,Darrel,Gentiry,dgentiry4o@bandcamp.com,dgentiry4o
170,Selie,Hedin,shedin4p@blog.com,shedin4p
171,Pamela,Broadfoot,pbroadfoot4q@people.com.cn,pbroadfoot4q
172,Ewart,Itchingham,eitchingham4r@redcross.org,eitchingham4r
173,Burt,Klossmann,bklossmann4s@creativecommons.org,bklossmann4s
174,Dianne,Philipps,dphilipps4t@chronoengine.com,dphilipps4t
175,Fanchon,Rawlinson,frawlinson4u@google.pl,frawlinson4u
176,Dora,Rosson,drosson4v@google.fr,drosson4v
177,Cele,Niemetz,cniemetz4w@usnews.com,cniemetz4w
178,Elene,Shuttlewood,eshuttlewood4x@bravesites.com,eshuttlewood4x
179,Brigg,Ausher,bausher4y@rambler.ru,bausher4y
180,Kat,Dunsire,kdunsire4z@pagesperso-orange.fr,kdunsire4z
181,Weston,Sunner,wsunner50@blogspot.com,wsunner50
182,Artemas,Armsby,aarmsby51@ask.com,aarmsby51
183,Haleigh,Feronet,hferonet52@bing.com,hferonet52
184,Fran,Kinworthy,fkinworthy53@de.vu,fkinworthy53
185,Cyrille,Spendley,cspendley54@hao123.com,cspendley54
186,Gearalt,Mulmuray,gmulmuray55@mayoclinic.com,gmulmuray55
187,Flory,Braybrookes,fbraybrookes56@mlb.com,fbraybrookes56
188,Shurlocke,Paoletto,spaoletto57@google.co.jp,spaoletto57
189,Roana,Lucchi,rlucchi58@people.com.cn,rlucchi58
190,Enrika,Corness,ecorness59@dion.ne.jp,ecorness59
191,Cornie,Pittendreigh,cpittendreigh5a@disqus.com,cpittendreigh5a
192,Kristian,Megson,kmegson5b@hibu.com,kmegson5b
193,Vasily,Lilie,vlilie5c@e-recht24.de,vlilie5c
194,Andriette,Truman,atruman5d@google.com,atruman5d
195,Ariadne,Stapford,astapford5e@cpanel.net,astapford5e
196,Mariam,Zavattieri,mzavattieri5f@jiathis.com,mzavattieri5f
197,Drusi,Woolen,dwoolen5g@cafepress.com,dwoolen5g
198,Zolly,Duchateau,zduchateau5h@weibo.com,zduchateau5h
199,Raffaello,Poll,rpoll5i@economist.com,rpoll5i
200,Tiffi,Avramovsky,tavramovsky5j@123-reg.co.uk,tavramovsky5j
201,Shandy,Kilgour,skilgour5k@google.com,skilgour5k
202,Morlee,Aloigi,maloigi5l@jigsy.com,maloigi5l
203,Ephraim,Frissell,efrissell5m@cbc.ca,efrissell5m
204,Der,Boult,dboult5n@wsj.com,dboult5n
205,Yvette,Laraway,ylaraway5o@dropbox.com,ylaraway5o
206,Larine,Brinsden,lbrinsden5p@comsenz.com,lbrinsden5p
207,Anne,Hanfrey,ahanfrey5q@washington.edu,ahanfrey5q
208,Verile,Colvine,vcolvine5r@fastcompany.com,vcolvine5r
209,Gracie,Duddridge,gduddridge5s@woothemes.com,gduddridge5s
210,Rosamund,Woodwin,rwoodwin5t@sogou.com,rwoodwin5t
211,Nathanial,Fackney,nfackney5u@tmall.com,nfackney5u
212,Maryjane,Karlowicz,mkarlowicz5v@twitpic.com,mkarlowicz5v
213,Sabina,MacRannell,smacrannell5w@weebly.com,smacrannell5w
214,Marybeth,Colomb,mcolomb5x@xinhuanet.com,mcolomb5x
215,Blancha,Snoddon,bsnoddon5y@ifeng.com,bsnoddon5y
216,Bernetta,Bagshawe,bbagshawe5z@xrea.com,bbagshawe5z
217,Benson,Denisyuk,bdenisyuk60@blogtalkradio.com,bdenisyuk60
218,Reta,Drivers,rdrivers61@seattletimes.com,rdrivers61
219,Cally,Olenov,colenov62@discovery.com,colenov62
220,Silvanus,Kohen,skohen63@businesswire.com,skohen63
221,Katine,Kyd,kkyd64@dropbox.com,kkyd64
222,Rosetta,Obispo,robispo65@behance.net,robispo65
223,Waly,Neilands,wneilands66@comsenz.com,wneilands66
224,Federico,Kubasiewicz,fkubasiewicz67@usnews.com,fkubasiewicz67
225,Ottilie,Limrick,olimrick68@ezinearticles.com,olimrick68
226,Casey,Rothman,crothman69@yellowbook.com,crothman69
227,Ellis,Colcutt,ecolcutt6a@usnews.com,ecolcutt6a
228,Rudolfo,Simonaitis,rsimonaitis6b@blogger.com,rsimonaitis6b
229,Mommy,Eary,meary6c@google.com.hk,meary6c
230,Grazia,Jarrell,gjarrell6d@typepad.com,gjarrell6d
231,Linell,Cuningham,lcuningham6e@fastcompany.com,lcuningham6e
232,Gerri,Strowther,gstrowther6f@phoca.cz,gstrowther6f
233,Rodney,Petrol,rpetrol6g@wix.com,rpetrol6g
234,Delly,Vamplers,dvamplers6h@sciencedaily.com,dvamplers6h
235,Nikkie,Staniford,nstaniford6i@ehow.com,nstaniford6i
236,Stephannie,Lum,slum6j@dell.com,slum6j
237,Lisbeth,Oddie,loddie6k@ning.com,loddie6k
238,Bonnibelle,Stallybrass,bstallybrass6l@china.com.cn,bstallybrass6l
239,Amerigo,Casajuana,acasajuana6m@addtoany.com,acasajuana6m
240,Dalton,Wagerfield,dwagerfield6n@biglobe.ne.jp,dwagerfield6n
241,Kenton,Corr,kcorr6o@webeden.co.uk,kcorr6o
242,Ches,Horley,chorley6p@liveinternet.ru,chorley6p
243,Editha,Sive,esive6q@stumbleupon.com,esive6q
244,Agneta,Randal,arandal6r@ed.gov,arandal6r
245,Borg,Ewence,bewence6s@merriam-webster.com,bewence6s
246,Cherice,Sommerly,csommerly6t@constantcontact.com,csommerly6t
247,Ganny,MacGraith,gmacgraith6u@google.ca,gmacgraith6u
248,Cornela,Faulds,cfaulds6v@nhs.uk,cfaulds6v
249,Merrily,Hirschmann,mhirschmann6w@wix.com,mhirschmann6w
250,Florie,Siveter,fsiveter6x@blogspot.com,fsiveter6x
251,Suzanne,Elby,selby6y@discovery.com,selby6y
252,Dennie,Braniff,dbraniff6z@sphinn.com,dbraniff6z
253,Jaymie,Seakin,jseakin70@ox.ac.uk,jseakin70
254,Ruperta,Fitzroy,rfitzroy71@dell.com,rfitzroy71
255,Toddie,Taffurelli,ttaffurelli72@a8.net,ttaffurelli72
256,Gibb,Clementi,gclementi73@ibm.com,gclementi73
257,Aubrey,Cottle,acottle74@yandex.ru,acottle74
258,Ernestus,Toderi,etoderi75@loc.gov,etoderi75
259,Ardelis,Margaret,amargaret76@geocities.jp,amargaret76
260,Winna,Cropper,wcropper77@printfriendly.com,wcropper77
261,Gavin,Renard,grenard78@bbc.co.uk,grenard78
262,Joyous,McWilliams,jmcwilliams79@123-reg.co.uk,jmcwilliams79
263,Berri,Saffran,bsaffran7a@japanpost.jp,bsaffran7a
264,Leanor,Reary,lreary7b@springer.com,lreary7b
265,Caprice,Mulqueen,cmulqueen7c@domainmarket.com,cmulqueen7c
266,Gaby,McNirlan,gmcnirlan7d@unc.edu,gmcnirlan7d
267,Willard,Lettice,wlettice7e@networksolutions.com,wlettice7e
268,Shir,Alcoran,salcoran7f@flickr.com,salcoran7f
269,Silvain,Buttery,sbuttery7g@1und1.de,sbuttery7g
270,Cara,Clemerson,cclemerson7h@msn.com,cclemerson7h
271,Toma,Middlewick,tmiddlewick7i@networkadvertising.org,tmiddlewick7i
272,Ashlee,Keaton,akeaton7j@illinois.edu,akeaton7j
273,Johannah,Treadwell,jtreadwell7k@ucsd.edu,jtreadwell7k
274,Maximilien,Rosas,mrosas7l@chronoengine.com,mrosas7l
275,Bastien,Oliphant,boliphant7m@php.net,boliphant7m
276,Hastie,Northam,hnortham7n@nsw.gov.au,hnortham7n
277,Wyatan,Leather,wleather7o@huffingtonpost.com,wleather7o
278,Alberto,Andryszczak,aandryszczak7p@pcworld.com,aandryszczak7p
279,Janie,Purcell,jpurcell7q@narod.ru,jpurcell7q
280,Virge,McDell,vmcdell7r@devhub.com,vmcdell7r
281,Carmela,Meritt,cmeritt7s@unesco.org,cmeritt7s
282,Onfre,Leipold,oleipold7t@disqus.com,oleipold7t
283,Florida,Johannesson,fjohannesson7u@gizmodo.com,fjohannesson7u
284,Codie,Minett,cminett7v@mtv.com,cminett7v
285,Rollie,Le Grys,rlegrys7w@sciencedaily.com,rlegrys7w
286,Owen,Craft,ocraft7x@mit.edu,ocraft7x
287,Milicent,Jewett,mjewett7y@cmu.edu,mjewett7y
288,Rorie,Cowill,rcowill7z@rambler.ru,rcowill7z
289,Charley,Doughartie,cdoughartie80@t.co,cdoughartie80
290,Giffy,Blevin,gblevin81@youtu.be,gblevin81
291,Nate,Sawer,nsawer82@google.com,nsawer82
292,Gabie,Pfleger,gpfleger83@mail.ru,gpfleger83
293,Dyana,Hullot,dhullot84@ucoz.com,dhullot84
294,Lothario,Orcas,lorcas85@odnoklassniki.ru,lorcas85
295,Madalyn,Brady,mbrady86@psu.edu,mbrady86
296,Phylis,Jursch,pjursch87@eventbrite.com,pjursch87
297,Felisha,Molineux,fmolineux88@vimeo.com,fmolineux88
298,Jermaine,Jardin,jjardin89@mtv.com,jjardin89
299,Mariele,Showler,mshowler8a@hp.com,mshowler8a
300,Tommi,Russo,trusso8b@bloglovin.com,trusso8b
301,Charmian,Kitchenside,ckitchenside8c@home.pl,ckitchenside8c
302,Lynn,Szachniewicz,lszachniewicz8d@ow.ly,lszachniewicz8d
303,Ardene,Cowl,acowl8e@pen.io,acowl8e
304,Dorella,Beretta,dberetta8f@blog.com,dberetta8f
305,Natalya,Stening,nstening8g@dion.ne.jp,nstening8g
306,Robinson,Meiklejohn,rmeiklejohn8h@theatlantic.com,rmeiklejohn8h
307,Marysa,Proctor,mproctor8i@dmoz.org,mproctor8i
308,Hymie,Saterthwait,hsaterthwait8j@apache.org,hsaterthwait8j
309,Blinni,Pitney,bpitney8k@themeforest.net,bpitney8k
310,Carley,Cayette,ccayette8l@sphinn.com,ccayette8l
311,Bax,MacInerney,bmacinerney8m@miitbeian.gov.cn,bmacinerney8m
312,Nefen,Kinglesyd,nkinglesyd8n@last.fm,nkinglesyd8n
313,Alic,Iwaszkiewicz,aiwaszkiewicz8o@ibm.com,aiwaszkiewicz8o
314,Timothy,Eyckel,teyckel8p@yellowbook.com,teyckel8p
315,Gerianne,Sitford,gsitford8q@ovh.net,gsitford8q
316,Prent,Enderson,penderson8r@ted.com,penderson8r
317,Rice,Sallenger,rsallenger8s@ow.ly,rsallenger8s
318,Dill,Rodder,drodder8t@liveinternet.ru,drodder8t
319,Jean,Howton,jhowton8u@google.it,jhowton8u
320,Junie,Tatam,jtatam8v@globo.com,jtatam8v
321,Peadar,Emby,pemby8w@about.com,pemby8w
322,Erny,Bownas,ebownas8x@europa.eu,ebownas8x
323,Carmita,Neville,cneville8y@cyberchimps.com,cneville8y
324,Tobin,McCarthy,tmccarthy8z@histats.com,tmccarthy8z
325,Adelind,Archibold,aarchibold90@latimes.com,aarchibold90
326,Bettina,Boothebie,bboothebie91@tripod.com,bboothebie91
327,Concordia,Willetts,cwilletts92@tamu.edu,cwilletts92
328,Alyss,Pancoust,apancoust93@uiuc.edu,apancoust93
329,Jorey,Bicheno,jbicheno94@nba.com,jbicheno94
330,Lilllie,Heape,lheape95@booking.com,lheape95
331,Tiffi,Bocking,tbocking96@xrea.com,tbocking96
332,Gideon,Cranidge,gcranidge97@geocities.com,gcranidge97
333,Flynn,Bonnor,fbonnor98@ifeng.com,fbonnor98
334,Karlotta,Hackley,khackley99@multiply.com,khackley99
335,Dewitt,Arnaud,darnaud9a@google.de,darnaud9a
336,Stillmann,Gillespie,sgillespie9b@cbc.ca,sgillespie9b
337,Hatty,Lorens,hlorens9c@house.gov,hlorens9c
338,Barth,Blain,bblain9d@youku.com,bblain9d
339,Lacey,Fruen,lfruen9e@liveinternet.ru,lfruen9e
340,Almira,Ainge,aainge9f@sfgate.com,aainge9f
341,Marianna,Reddihough,mreddihough9g@ucla.edu,mreddihough9g
342,Walt,Beldam,wbeldam9h@comcast.net,wbeldam9h
343,Rad,Messiter,rmessiter9i@cdc.gov,rmessiter9i
344,Heall,O'Farris,hofarris9j@live.com,hofarris9j
345,Dolley,Brownsey,dbrownsey9k@cpanel.net,dbrownsey9k
346,Joyous,McGilvary,jmcgilvary9l@g.co,jmcgilvary9l
347,Glennie,Heigho,gheigho9m@sphinn.com,gheigho9m
348,Adelbert,Symington,asymington9n@sohu.com,asymington9n
349,Lenee,Alvis,lalvis9o@prweb.com,lalvis9o
350,Curt,Joplin,cjoplin9p@psu.edu,cjoplin9p
351,Jamie,Erangy,jerangy9q@livejournal.com,jerangy9q
352,Vasily,Fullylove,vfullylove9r@about.me,vfullylove9r
353,Margareta,Pizzey,mpizzey9s@comcast.net,mpizzey9s
354,Karney,Pywell,kpywell9t@google.cn,kpywell9t
355,Belvia,Dodgson,bdodgson9u@tinyurl.com,bdodgson9u
356,Margaux,Davenell,mdavenell9v@icio.us,mdavenell9v
357,Philippe,Headrick,pheadrick9w@newyorker.com,pheadrick9w
358,Auroora,Ortas,aortas9x@state.tx.us,aortas9x
359,Ragnar,Schulken,rschulken9y@sourceforge.net,rschulken9y
360,Hendrika,Roberds,hroberds9z@mozilla.org,hroberds9z
361,Goddard,Biskupski,gbiskupskia0@goo.gl,gbiskupskia0
362,Seline,Klaves,sklavesa1@ucla.edu,sklavesa1
363,Meghann,Pohlke,mpohlkea2@paginegialle.it,mpohlkea2
364,Moina,Damrell,mdamrella3@ucla.edu,mdamrella3
365,Marena,Darrach,mdarracha4@patch.com,mdarracha4
366,Stephanie,Rosenfarb,srosenfarba5@slate.com,srosenfarba5
367,Belinda,Letrange,bletrangea6@nifty.com,bletrangea6
368,Maryanne,Dunridge,mdunridgea7@hibu.com,mdunridgea7
369,Gerek,Ludee,gludeea8@opera.com,gludeea8
370,Sanson,McCartney,smccartneya9@discuz.net,smccartneya9
371,Zerk,Fosdick,zfosdickaa@addtoany.com,zfosdickaa
372,Dniren,Maffezzoli,dmaffezzoliab@geocities.jp,dmaffezzoliab
373,Christy,Scothern,cscothernac@ezinearticles.com,cscothernac
374,Regine,Straun,rstraunad@deviantart.com,rstraunad
375,Morna,Dumpleton,mdumpletonae@cnn.com,mdumpletonae
376,Martie,Fattori,mfattoriaf@bbb.org,mfattoriaf
377,Mario,Giacomuzzi,mgiacomuzziag@hc360.com,mgiacomuzziag
378,Byran,MacCarrane,bmaccarraneah@ucsd.edu,bmaccarraneah
379,Arleta,Choppin,achoppinai@berkeley.edu,achoppinai
380,Meir,Matieu,mmatieuaj@51.la,mmatieuaj
381,Candide,Pavlata,cpavlataak@sohu.com,cpavlataak
382,Ambrosio,Pavelin,apavelinal@independent.co.uk,apavelinal
383,Carter,Pettiford,cpettifordam@sun.com,cpettifordam
384,Parke,Friedenbach,pfriedenbachan@auda.org.au,pfriedenbachan
385,Brose,Walkden,bwalkdenao@digg.com,bwalkdenao
386,Bessy,Mannie,bmannieap@guardian.co.uk,bmannieap
387,Gar,Sherry,gsherryaq@blogtalkradio.com,gsherryaq
388,Lay,Meddings,lmeddingsar@networkadvertising.org,lmeddingsar
389,Joscelin,O'Heagertie,joheagertieas@senate.gov,joheagertieas
390,Gates,Westfield,gwestfieldat@nasa.gov,gwestfieldat
391,Gustav,Wakefield,gwakefieldau@blogs.com,gwakefieldau
392,Callean,Bufton,cbuftonav@pinterest.com,cbuftonav
393,Dukie,Tungay,dtungayaw@virginia.edu,dtungayaw
394,Nester,Didball,ndidballax@ovh.net,ndidballax
395,Hogan,McGivena,hmcgivenaay@desdev.cn,hmcgivenaay
396,Andriana,Malan,amalanaz@ebay.co.uk,amalanaz
397,Hortensia,McCorry,hmccorryb0@ning.com,hmccorryb0
398,Stafford,Fiddler,sfiddlerb1@whitehouse.gov,sfiddlerb1
399,Etan,Rowe,eroweb2@furl.net,eroweb2
400,Breanne,Brotherwood,bbrotherwoodb3@shutterfly.com,bbrotherwoodb3
401,Jackie,Matussevich,jmatussevichb4@amazon.co.uk,jmatussevichb4
402,Ted,Plastow,tplastowb5@usa.gov,tplastowb5
403,Cornie,Mallender,cmallenderb6@wsj.com,cmallenderb6
404,Joleen,Massenhove,jmassenhoveb7@studiopress.com,jmassenhoveb7
405,Devlin,Diloway,ddilowayb8@forbes.com,ddilowayb8
406,Ula,Burrell,uburrellb9@wix.com,uburrellb9
407,Marlo,Barbey,mbarbeyba@nps.gov,mbarbeyba
408,Parrnell,Goldman,pgoldmanbb@blogs.com,pgoldmanbb
409,Elysee,Florence,eflorencebc@amazon.com,eflorencebc
410,Elly,Sewart,esewartbd@blogs.com,esewartbd
411,Kevyn,Ilyunin,kilyuninbe@friendfeed.com,kilyuninbe
412,Donnie,Goldfinch,dgoldfinchbf@flavors.me,dgoldfinchbf
413,Rab,Braithwait,rbraithwaitbg@cnn.com,rbraithwaitbg
414,Garvy,Lemm,glemmbh@com.com,glemmbh
415,Joly,Capineer,jcapineerbi@tmall.com,jcapineerbi
416,Audrye,Freak,afreakbj@webmd.com,afreakbj
417,Nil,Yerlett,nyerlettbk@reverbnation.com,nyerlettbk
418,Edythe,Nend,enendbl@sciencedirect.com,enendbl
419,Vail,Stockney,vstockneybm@nifty.com,vstockneybm
420,Justina,Darrigoe,jdarrigoebn@sohu.com,jdarrigoebn
421,Sawyere,Theze,sthezebo@nsw.gov.au,sthezebo
422,Nealy,Brecknell,nbrecknellbp@dot.gov,nbrecknellbp
423,Adolphe,Sebborn,asebbornbq@jimdo.com,asebbornbq
424,Adrien,Epsley,aepsleybr@scientificamerican.com,aepsleybr
425,Debera,Stanlack,dstanlackbs@godaddy.com,dstanlackbs
426,Carolina,Mowson,cmowsonbt@constantcontact.com,cmowsonbt
427,Euell,Pitway,epitwaybu@netlog.com,epitwaybu
428,Vincent,Lamar,vlamarbv@mozilla.org,vlamarbv
429,Ax,Tryhorn,atryhornbw@rakuten.co.jp,atryhornbw
430,Bordy,Swindin,bswindinbx@youku.com,bswindinbx
431,Nollie,Wylam,nwylamby@mlb.com,nwylamby
432,Rebekah,Stilliard,rstilliardbz@google.co.jp,rstilliardbz
433,Robbin,Cheng,rchengc0@feedburner.com,rchengc0
434,Kelvin,Shouler,kshoulerc1@fc2.com,kshoulerc1
435,Malissa,Pickard,mpickardc2@dailymail.co.uk,mpickardc2
436,Aloin,Yesenev,ayesenevc3@mac.com,ayesenevc3
437,Lorelle,Cicconetti,lcicconettic4@prnewswire.com,lcicconettic4
438,Gearalt,Hugh,ghughc5@hexun.com,ghughc5
439,Aile,Dunkinson,adunkinsonc6@devhub.com,adunkinsonc6
440,Baldwin,Cockerill,bcockerillc7@kickstarter.com,bcockerillc7
441,Perl,Pinar,ppinarc8@europa.eu,ppinarc8
442,Teriann,Vanyashin,tvanyashinc9@homestead.com,tvanyashinc9
443,Chad,Cogswell,ccogswellca@youku.com,ccogswellca
444,Graeme,Fehners,gfehnerscb@ycombinator.com,gfehnerscb
445,Heidie,Hasney,hhasneycc@tamu.edu,hhasneycc
446,Joyce,Hulks,jhulkscd@sfgate.com,jhulkscd
447,Dori,Scirman,dscirmance@squidoo.com,dscirmance
448,Amandi,Cancott,acancottcf@army.mil,acancottcf
449,Angelo,Chatenier,achateniercg@businessinsider.com,achateniercg
450,Crawford,Addionizio,caddionizioch@illinois.edu,caddionizioch
451,Lorenzo,Bonn,lbonnci@intel.com,lbonnci
452,Agosto,Stening,asteningcj@intel.com,asteningcj
453,Gabbie,Hubback,ghubbackck@spiegel.de,ghubbackck
454,Adelheid,Aspall,aaspallcl@nymag.com,aaspallcl
455,Clayton,Files,cfilescm@earthlink.net,cfilescm
456,Nester,MacGhee,nmacgheecn@apache.org,nmacgheecn
457,Joice,Kennler,jkennlerco@ning.com,jkennlerco
458,Rafaelita,Sutherns,rsuthernscp@time.com,rsuthernscp
459,Cati,Kynett,ckynettcq@mayoclinic.com,ckynettcq
460,Dilly,Gissop,dgissopcr@livejournal.com,dgissopcr
461,Calypso,Dee,cdeecs@dmoz.org,cdeecs
462,Raquel,Fibben,rfibbenct@goo.gl,rfibbenct
463,Maxim,Smails,msmailscu@hexun.com,msmailscu
464,Vanessa,Polhill,vpolhillcv@last.fm,vpolhillcv
465,Harmonia,Raund,hraundcw@joomla.org,hraundcw
466,Yancey,Tollfree,ytollfreecx@washington.edu,ytollfreecx
467,Maureene,Shales,mshalescy@yellowbook.com,mshalescy
468,Kevyn,Poll,kpollcz@sakura.ne.jp,kpollcz
469,Case,Milnthorpe,cmilnthorped0@plala.or.jp,cmilnthorped0
470,Andras,Juste,ajusted1@nydailynews.com,ajusted1
471,Janis,Johnstone,jjohnstoned2@domainmarket.com,jjohnstoned2
472,Annora,Hamfleet,ahamfleetd3@ucla.edu,ahamfleetd3
473,Juieta,Halloway,jhallowayd4@nydailynews.com,jhallowayd4
474,Chicky,Ackwood,cackwoodd5@cafepress.com,cackwoodd5
475,Langsdon,Counter,lcounterd6@photobucket.com,lcounterd6
476,Gwendolen,Addington,gaddingtond7@blogs.com,gaddingtond7
477,Lester,Stennes,lstennesd8@tuttocitta.it,lstennesd8
478,Minnnie,Rumgay,mrumgayd9@jigsy.com,mrumgayd9
479,Shelli,Jeandot,sjeandotda@plala.or.jp,sjeandotda
480,Lucy,Wilprecht,lwilprechtdb@gravatar.com,lwilprechtdb
481,Corinne,Happer,chapperdc@w3.org,chapperdc
482,Reube,Chant,rchantdd@unblog.fr,rchantdd
483,Salim,Burden,sburdende@fc2.com,sburdende
484,Hester,Whate,hwhatedf@deviantart.com,hwhatedf
485,Allan,Longbothom,alongbothomdg@goodreads.com,alongbothomdg
486,Karyn,Mathiasen,kmathiasendh@t.co,kmathiasendh
487,Dyna,Philott,dphilottdi@amazon.co.uk,dphilottdi
488,Elberta,Kinvig,ekinvigdj@admin.ch,ekinvigdj
489,Sybila,Wyd,swyddk@mapquest.com,swyddk
490,Cassie,Grass,cgrassdl@newyorker.com,cgrassdl
491,Augustus,Rattenberie,arattenberiedm@wikimedia.org,arattenberiedm
492,Ania,Barsby,abarsbydn@cam.ac.uk,abarsbydn
493,Markos,Mc Corley,mmccorleydo@tripod.com,mmccorleydo
494,Vinny,Casse,vcassedp@51.la,vcassedp
495,Vernice,Durram,vdurramdq@mac.com,vdurramdq
496,Dale,Corder,dcorderdr@histats.com,dcorderdr
497,Claudia,Alejandri,calejandrids@mtv.com,calejandrids
498,Cyrill,Lehmann,clehmanndt@parallels.com,clehmanndt
499,Darlene,Yeudall,dyeudalldu@sourceforge.net,dyeudalldu
500,Chiquia,Stopp,cstoppdv@cbc.ca,cstoppdv
501,Spike,Starrs,sstarrsdw@va.gov,sstarrsdw
502,Annalise,Leap,aleapdx@usda.gov,aleapdx
503,Jammie,McKim,jmckimdy@bigcartel.com,jmckimdy
504,Tally,Sleit,tsleitdz@eepurl.com,tsleitdz
505,Ardelia,MacArdle,amacardlee0@vistaprint.com,amacardlee0
506,Orel,Arter,oartere1@fda.gov,oartere1
507,Ardene,Galpin,agalpine2@hatena.ne.jp,agalpine2
508,Adriaens,Eschalette,aeschalettee3@latimes.com,aeschalettee3
509,Filippa,Houndsom,fhoundsome4@china.com.cn,fhoundsome4
510,Harmony,Spours,hspourse5@spiegel.de,hspourse5
511,Carmine,Sailes,csailese6@wisc.edu,csailese6
512,Karrie,Attenborough,kattenboroughe7@ow.ly,kattenboroughe7
513,Meryl,Newall,mnewalle8@home.pl,mnewalle8
514,Rebekkah,Lidgley,rlidgleye9@clickbank.net,rlidgleye9
515,Marve,Klyner,mklynerea@imgur.com,mklynerea
516,Candra,Sargent,csargenteb@mail.ru,csargenteb
517,Ingeborg,Gruszka,igruszkaec@technorati.com,igruszkaec
518,Pauline,Sarfati,psarfatied@columbia.edu,psarfatied
519,Loraine,Brodest,lbrodestee@xinhuanet.com,lbrodestee
520,Kendal,Zamora,kzamoraef@toplist.cz,kzamoraef
521,Ginevra,Piechnik,gpiechnikeg@sciencedirect.com,gpiechnikeg
522,Albrecht,McElwee,amcelweeeh@amazon.com,amcelweeeh
523,Clerissa,Jobbings,cjobbingsei@printfriendly.com,cjobbingsei
524,Abdul,Plinck,aplinckej@vistaprint.com,aplinckej
525,Sibby,Sarver,ssarverek@sbwire.com,ssarverek
526,Karrie,Pales,kpalesel@yale.edu,kpalesel
527,Giusto,MacSkeagan,gmacskeaganem@unicef.org,gmacskeaganem
528,Marley,Crack,mcracken@amazon.com,mcracken
529,Kaspar,Baldetti,kbaldettieo@un.org,kbaldettieo
530,Jean,Garlick,jgarlickep@amazon.de,jgarlickep
531,Florence,Arnely,farnelyeq@sfgate.com,farnelyeq
532,Ryley,Howells,rhowellser@geocities.jp,rhowellser
533,Nari,Skipton,nskiptones@hatena.ne.jp,nskiptones
534,Hope,Beccero,hbecceroet@discuz.net,hbecceroet
535,Cassius,Slyme,cslymeeu@cnn.com,cslymeeu
536,Stafford,MacKeig,smackeigev@aboutads.info,smackeigev
537,Kerianne,Ostridge,kostridgeew@facebook.com,kostridgeew
538,Ulrick,Duckitt,uduckittex@nifty.com,uduckittex
539,Siffre,Pantridge,spantridgeey@ed.gov,spantridgeey
540,Gradeigh,Kermitt,gkermittez@nytimes.com,gkermittez
541,Kattie,Romayn,kromaynf0@about.com,kromaynf0
542,Scottie,Whate,swhatef1@theguardian.com,swhatef1
543,Mohammed,Massimo,mmassimof2@omniture.com,mmassimof2
544,Elwin,Shepard,eshepardf3@omniture.com,eshepardf3
545,Aggie,Schmuhl,aschmuhlf4@shop-pro.jp,aschmuhlf4
546,Rinaldo,Trinkwon,rtrinkwonf5@uol.com.br,rtrinkwonf5
547,Delainey,Cheeke,dcheekef6@netlog.com,dcheekef6
548,Mirella,Meikle,mmeiklef7@simplemachines.org,mmeiklef7
549,Hana,Guly,hgulyf8@sogou.com,hgulyf8
550,Zilvia,Quantrill,zquantrillf9@paypal.com,zquantrillf9
551,Flory,MacTrustrie,fmactrustriefa@tinypic.com,fmactrustriefa
552,Kile,Roseblade,krosebladefb@soup.io,krosebladefb
553,Reinwald,Pfaffe,rpfaffefc@csmonitor.com,rpfaffefc
554,Adolphe,Ohms,aohmsfd@hibu.com,aohmsfd
555,Betti,Keyte,bkeytefe@e-recht24.de,bkeytefe
556,Hubie,James,hjamesff@networksolutions.com,hjamesff
557,Cristine,Mackie,cmackiefg@altervista.org,cmackiefg
558,Caty,Clewley,cclewleyfh@latimes.com,cclewleyfh
559,Scarlet,Schiefersten,sschieferstenfi@google.com,sschieferstenfi
560,Niel,Zanassi,nzanassifj@icio.us,nzanassifj
561,Elsi,Haylands,ehaylandsfk@harvard.edu,ehaylandsfk
562,Alberta,Broomfield,abroomfieldfl@forbes.com,abroomfieldfl
563,Clemmie,Peyes,cpeyesfm@purevolume.com,cpeyesfm
564,Karlee,Doel,kdoelfn@rakuten.co.jp,kdoelfn
565,Vanni,Phelan,vphelanfo@yolasite.com,vphelanfo
566,Staffard,Dmisek,sdmisekfp@businessinsider.com,sdmisekfp
567,Muffin,Pardon,mpardonfq@i2i.jp,mpardonfq
568,Marillin,Arrol,marrolfr@1688.com,marrolfr
569,Sammy,Woolgar,swoolgarfs@digg.com,swoolgarfs
570,Cecile,Kestin,ckestinft@comsenz.com,ckestinft
571,Lizzie,Neat,lneatfu@twitter.com,lneatfu
572,Jeralee,Gough,jgoughfv@nytimes.com,jgoughfv
573,Filip,Foister,ffoisterfw@theguardian.com,ffoisterfw
574,Alf,Starbucke,astarbuckefx@comcast.net,astarbuckefx
575,Maryanna,Jacks,mjacksfy@desdev.cn,mjacksfy
576,Crin,Skeermer,cskeermerfz@newyorker.com,cskeermerfz
577,Cherye,Topes,ctopesg0@comcast.net,ctopesg0
578,Agosto,Dunnico,adunnicog1@bing.com,adunnicog1
579,Vania,De Cruce,vdecruceg2@microsoft.com,vdecruceg2
580,Marilyn,Treneman,mtrenemang3@dmoz.org,mtrenemang3
581,Esmaria,Horsburgh,ehorsburghg4@sakura.ne.jp,ehorsburghg4
582,Mercedes,Beidebeke,mbeidebekeg5@taobao.com,mbeidebekeg5
583,Nolana,Yurtsev,nyurtsevg6@51.la,nyurtsevg6
584,Fannie,Hanscombe,fhanscombeg7@51.la,fhanscombeg7
585,Orran,Castanos,ocastanosg8@npr.org,ocastanosg8
586,Mile,Gres,mgresg9@telegraph.co.uk,mgresg9
587,Sancho,Silwood,ssilwoodga@java.com,ssilwoodga
588,Jacky,Kivlehan,jkivlehangb@telegraph.co.uk,jkivlehangb
589,Ramsay,Judgkins,rjudgkinsgc@blogs.com,rjudgkinsgc
590,Sidnee,Reasun,sreasungd@ted.com,sreasungd
591,Cristi,Hugues,chuguesge@sina.com.cn,chuguesge
592,Whitman,Hakonsson,whakonssongf@flavors.me,whakonssongf
593,Peta,Fullylove,pfullylovegg@meetup.com,pfullylovegg
594,Jakob,Vedeneev,jvedeneevgh@engadget.com,jvedeneevgh
595,Minor,Gallyon,mgallyongi@last.fm,mgallyongi
596,Korie,Ghilardi,kghilardigj@aboutads.info,kghilardigj
597,Haleigh,Snar,hsnargk@harvard.edu,hsnargk
598,Nanny,Hatliff,nhatliffgl@gov.uk,nhatliffgl
599,Ami,Siemon,asiemongm@weibo.com,asiemongm
600,Melony,Dahler,mdahlergn@utexas.edu,mdahlergn
601,Brenna,Spick,bspickgo@globo.com,bspickgo
602,Miguelita,Mackett,mmackettgp@loc.gov,mmackettgp
603,Lavinie,Playfoot,lplayfootgq@seattletimes.com,lplayfootgq
604,Hildy,Du Hamel,hduhamelgr@uol.com.br,hduhamelgr
605,Margarette,Richard,mrichardgs@skype.com,mrichardgs
606,Marisa,Gauntley,mgauntleygt@archive.org,mgauntleygt
607,Rogers,Lea,rleagu@homestead.com,rleagu
608,Kimberlyn,Menghi,kmenghigv@yellowpages.com,kmenghigv
609,Niles,Hext,nhextgw@ted.com,nhextgw
610,Joseito,Colleer,jcolleergx@miibeian.gov.cn,jcolleergx
611,Theresa,Capnor,tcapnorgy@icq.com,tcapnorgy
612,Godfry,Barber,gbarbergz@nymag.com,gbarbergz
613,Wesley,Gosford,wgosfordh0@webs.com,wgosfordh0
614,Shandeigh,Adamczyk,sadamczykh1@umich.edu,sadamczykh1
615,Cindie,Gannaway,cgannawayh2@washingtonpost.com,cgannawayh2
616,Viki,Regglar,vregglarh3@google.it,vregglarh3
617,Marjory,De Blasio,mdeblasioh4@yellowbook.com,mdeblasioh4
618,Romy,Rounce,rrounceh5@icq.com,rrounceh5
619,Hammad,Dadson,hdadsonh6@webeden.co.uk,hdadsonh6
620,Leupold,Stokoe,lstokoeh7@360.cn,lstokoeh7
621,Nathanial,Gyorgy,ngyorgyh8@surveymonkey.com,ngyorgyh8
622,Bobinette,Shiel,bshielh9@booking.com,bshielh9
623,Allen,Casado,acasadoha@surveymonkey.com,acasadoha
624,Ola,Mattiello,omattiellohb@archive.org,omattiellohb
625,Charlena,Besnardeau,cbesnardeauhc@cornell.edu,cbesnardeauhc
626,Franky,Bunworth,fbunworthhd@example.com,fbunworthhd
627,Ritchie,Danher,rdanherhe@redcross.org,rdanherhe
628,Myron,Lockley,mlockleyhf@oracle.com,mlockleyhf
629,Celestyna,Skouling,cskoulinghg@weebly.com,cskoulinghg
630,Helge,Bunworth,hbunworthhh@cam.ac.uk,hbunworthhh
631,Blinni,Jiranek,bjiranekhi@msu.edu,bjiranekhi
632,Welsh,Maddigan,wmaddiganhj@linkedin.com,wmaddiganhj
633,Shane,Longden,slongdenhk@discuz.net,slongdenhk
634,Ingmar,Benford,ibenfordhl@vk.com,ibenfordhl
635,Daune,Willishire,dwillishirehm@liveinternet.ru,dwillishirehm
636,Cecil,Johnsee,cjohnseehn@homestead.com,cjohnseehn
637,Brendon,Gaw,bgawho@sphinn.com,bgawho
638,Kayla,Montel,kmontelhp@mozilla.org,kmontelhp
639,Joeann,Farge,jfargehq@reddit.com,jfargehq
640,Marion,Guye,mguyehr@1688.com,mguyehr
641,Garret,Lye,glyehs@usatoday.com,glyehs
642,Dollie,Boston,dbostonht@webnode.com,dbostonht
643,Sharity,Roome,sroomehu@bluehost.com,sroomehu
644,Gloriane,McSpirron,gmcspirronhv@cyberchimps.com,gmcspirronhv
645,Cayla,Preon,cpreonhw@naver.com,cpreonhw
646,Drugi,Guillond,dguillondhx@princeton.edu,dguillondhx
647,Maure,Lammert,mlammerthy@seattletimes.com,mlammerthy
648,Cally,McCourt,cmccourthz@cloudflare.com,cmccourthz
649,Lea,Reignould,lreignouldi0@nps.gov,lreignouldi0
650,Cherey,Haddeston,chaddestoni1@army.mil,chaddestoni1
651,David,Lothlorien,dlothlorieni2@pen.io,dlothlorieni2
652,Zeke,Brody,zbrodyi3@addthis.com,zbrodyi3
653,Augustine,Dellenbach,adellenbachi4@howstuffworks.com,adellenbachi4
654,Joice,O' Lone,jolonei5@bravesites.com,jolonei5
655,Alvera,Saker,asakeri6@illinois.edu,asakeri6
656,Orsa,Ixer,oixeri7@joomla.org,oixeri7
657,Wenda,Holdforth,wholdforthi8@intel.com,wholdforthi8
658,Tiffy,MacNalley,tmacnalleyi9@com.com,tmacnalleyi9
659,Lanae,Thying,lthyingia@sakura.ne.jp,lthyingia
660,Daune,Creamen,dcreamenib@studiopress.com,dcreamenib
661,Stuart,Bretton,sbrettonic@trellian.com,sbrettonic
662,Everard,Fassbindler,efassbindlerid@dailymail.co.uk,efassbindlerid
663,Jerrine,Arkin,jarkinie@squarespace.com,jarkinie
664,Antonetta,Berthel,aberthelif@amazon.de,aberthelif
665,Joe,Zapatero,jzapateroig@ucsd.edu,jzapateroig
666,Coral,Misken,cmiskenih@cnet.com,cmiskenih
667,Jocelyne,Jaulme,jjaulmeii@seesaa.net,jjaulmeii
668,Jared,Battisson,jbattissonij@ft.com,jbattissonij
669,Sondra,Ingliss,singlissik@apache.org,singlissik
670,Iolande,Kilday,ikildayil@skyrock.com,ikildayil
671,Ruthanne,Woodyatt,rwoodyattim@theatlantic.com,rwoodyattim
672,Clemence,Lattin,clattinin@biglobe.ne.jp,clattinin
673,Kyle,Flather,kflatherio@t-online.de,kflatherio
674,Ceciley,Domel,cdomelip@tripod.com,cdomelip
675,Darline,Minelli,dminelliiq@wikipedia.org,dminelliiq
676,Odella,Brushneen,obrushneenir@sun.com,obrushneenir
677,Ty,Cartman,tcartmanis@imageshack.us,tcartmanis
678,Aubrie,Ivashin,aivashinit@yandex.ru,aivashinit
679,Ruthy,McAllester,rmcallesteriu@photobucket.com,rmcallesteriu
680,Fawn,Wixey,fwixeyiv@bandcamp.com,fwixeyiv
681,Brigitta,McDonell,bmcdonelliw@paginegialle.it,bmcdonelliw
682,Legra,Blackman,lblackmanix@gravatar.com,lblackmanix
683,Agnesse,Gyves,agyvesiy@deviantart.com,agyvesiy
684,Trip,Igglesden,tigglesdeniz@etsy.com,tigglesdeniz
685,Piper,Bowery,pboweryj0@prnewswire.com,pboweryj0
686,George,Whanstall,gwhanstallj1@admin.ch,gwhanstallj1
687,Faye,McFater,fmcfaterj2@bloomberg.com,fmcfaterj2
688,Dur,Insko,dinskoj3@spotify.com,dinskoj3
689,Bud,Reskelly,breskellyj4@howstuffworks.com,breskellyj4
690,Horst,Drury,hdruryj5@mashable.com,hdruryj5
691,Moreen,Sinclaire,msinclairej6@usa.gov,msinclairej6
692,Fanchette,Cocher,fcocherj7@cdc.gov,fcocherj7
693,Ilyssa,Clingoe,iclingoej8@craigslist.org,iclingoej8
694,Rowland,Adame,radamej9@imdb.com,radamej9
695,Jeromy,Fritschel,jfritschelja@google.ca,jfritschelja
696,Ellen,Broadis,ebroadisjb@flickr.com,ebroadisjb
697,Milicent,Bragginton,mbraggintonjc@google.com.hk,mbraggintonjc
698,Asia,Carbert,acarbertjd@nymag.com,acarbertjd
699,Maurise,Gerrietz,mgerrietzje@pcworld.com,mgerrietzje
700,Tiffi,Edgeon,tedgeonjf@tuttocitta.it,tedgeonjf
701,Emery,Omond,eomondjg@freewebs.com,eomondjg
702,Werner,Dennerly,wdennerlyjh@pcworld.com,wdennerlyjh
703,Eb,Gullick,egullickji@cloudflare.com,egullickji
704,Ignatius,Osboldstone,iosboldstonejj@huffingtonpost.com,iosboldstonejj
705,Sayres,Giraldon,sgiraldonjk@npr.org,sgiraldonjk
706,Eunice,Wathen,ewathenjl@cdbaby.com,ewathenjl
707,Donaugh,Cockett,dcockettjm@over-blog.com,dcockettjm
708,Denyse,Boosey,dbooseyjn@comcast.net,dbooseyjn
709,Philippa,Slegg,psleggjo@wikipedia.org,psleggjo
710,Kristi,Letherbury,kletherburyjp@angelfire.com,kletherburyjp
711,Katerine,Stephens,kstephensjq@psu.edu,kstephensjq
712,Babbette,O'Fergus,bofergusjr@princeton.edu,bofergusjr
713,Rachelle,Minard,rminardjs@ftc.gov,rminardjs
714,Jannelle,Scapens,jscapensjt@ed.gov,jscapensjt
715,Carlynn,Mothersdale,cmothersdaleju@hc360.com,cmothersdaleju
716,Carmelia,Arpino,carpinojv@is.gd,carpinojv
717,Valaria,Royson,vroysonjw@sphinn.com,vroysonjw
718,Rica,Klugman,rklugmanjx@biglobe.ne.jp,rklugmanjx
719,Hakeem,Castagne,hcastagnejy@statcounter.com,hcastagnejy
720,Thom,Fogden,tfogdenjz@webmd.com,tfogdenjz
721,Conney,Parcall,cparcallk0@craigslist.org,cparcallk0
722,Gregoor,Crosland,gcroslandk1@tmall.com,gcroslandk1
723,Dido,Raffin,draffink2@hatena.ne.jp,draffink2
724,Zarla,Corbishley,zcorbishleyk3@free.fr,zcorbishleyk3
725,Sissy,Aldred,saldredk4@theatlantic.com,saldredk4
726,Miguel,Rickson,mricksonk5@chron.com,mricksonk5
727,Con,Northbridge,cnorthbridgek6@alexa.com,cnorthbridgek6
728,Ammamaria,Glasscoo,aglasscook7@china.com.cn,aglasscook7
729,Reed,Amberson,rambersonk8@tmall.com,rambersonk8
730,Hercule,Dimitriev,hdimitrievk9@dion.ne.jp,hdimitrievk9
731,Clotilda,Kilian,ckilianka@mediafire.com,ckilianka
732,Bink,Colborn,bcolbornkb@mashable.com,bcolbornkb
733,Forester,Gircke,fgirckekc@behance.net,fgirckekc
734,Alayne,Diaper,adiaperkd@yandex.ru,adiaperkd
735,Zilvia,Porcher,zporcherke@hibu.com,zporcherke
736,Randi,Baldassi,rbaldassikf@sourceforge.net,rbaldassikf
737,Sherwynd,Ferrelli,sferrellikg@feedburner.com,sferrellikg
738,Hillier,Foy,hfoykh@nyu.edu,hfoykh
739,Odelinda,Emlin,oemlinki@shutterfly.com,oemlinki
740,Annalise,Breckenridge,abreckenridgekj@prnewswire.com,abreckenridgekj
741,Micheil,Lilian,mliliankk@mediafire.com,mliliankk
742,Lem,Scottrell,lscottrellkl@printfriendly.com,lscottrellkl
743,Aeriell,Webber,awebberkm@cocolog-nifty.com,awebberkm
744,Josefina,McElroy,jmcelroykn@nbcnews.com,jmcelroykn
745,April,Jeffreys,ajeffreysko@dedecms.com,ajeffreysko
746,Luz,Fransemai,lfransemaikp@domainmarket.com,lfransemaikp
747,Wolfy,Syne,wsynekq@artisteer.com,wsynekq
748,Ulla,Dadley,udadleykr@army.mil,udadleykr
749,Leif,Siggin,lsigginks@google.com.br,lsigginks
750,Dylan,Goodhall,dgoodhallkt@ucoz.com,dgoodhallkt
751,Humfrid,Dadswell,hdadswellku@studiopress.com,hdadswellku
752,Aube,Seago,aseagokv@cmu.edu,aseagokv
753,Patrice,Dehm,pdehmkw@squarespace.com,pdehmkw
754,Marsha,Kennington,mkenningtonkx@fema.gov,mkenningtonkx
755,Jeremiah,Bonhomme,jbonhommeky@ucoz.ru,jbonhommeky
756,Tuesday,Konke,tkonkekz@auda.org.au,tkonkekz
757,Vonni,Sidebotham,vsidebothaml0@weebly.com,vsidebothaml0
758,Marlowe,Petrussi,mpetrussil1@bloglovin.com,mpetrussil1
759,Krishnah,Casserly,kcasserlyl2@statcounter.com,kcasserlyl2
760,Reinald,Drinan,rdrinanl3@pcworld.com,rdrinanl3
761,Dean,Storek,dstorekl4@miibeian.gov.cn,dstorekl4
762,Elsa,Lathleiff,elathleiffl5@opera.com,elathleiffl5
763,Isaiah,Klimp,iklimpl6@lulu.com,iklimpl6
764,Charleen,Ivett,civettl7@tripod.com,civettl7
765,Grazia,Twiname,gtwinamel8@reverbnation.com,gtwinamel8
766,Daryle,Harbor,dharborl9@wordpress.com,dharborl9
767,Floyd,Wilkins,fwilkinsla@godaddy.com,fwilkinsla
768,Isidora,Von Brook,ivonbrooklb@nature.com,ivonbrooklb
769,Katina,Bolver,kbolverlc@bing.com,kbolverlc
770,Norman,Pennini,npenninild@blinklist.com,npenninild
771,Norma,Ivanshintsev,nivanshintsevle@mapy.cz,nivanshintsevle
772,Tricia,Doppler,tdopplerlf@mediafire.com,tdopplerlf
773,Jerald,Scough,jscoughlg@live.com,jscoughlg
774,Richie,Peotz,rpeotzlh@cdbaby.com,rpeotzlh
775,Michele,Derkes,mderkesli@mlb.com,mderkesli
776,Arnoldo,Povah,apovahlj@statcounter.com,apovahlj
777,Adria,Gallehock,agallehocklk@etsy.com,agallehocklk
778,Shurwood,Costley,scostleyll@rambler.ru,scostleyll
779,Latisha,Priestner,lpriestnerlm@comsenz.com,lpriestnerlm
780,Rossie,Sharrock,rsharrockln@telegraph.co.uk,rsharrockln
781,Milicent,Dryburgh,mdryburghlo@theguardian.com,mdryburghlo
782,Edgardo,Wayland,ewaylandlp@buzzfeed.com,ewaylandlp
783,Hastie,Gash,hgashlq@miibeian.gov.cn,hgashlq
784,Enoch,Crisell,ecriselllr@google.com.au,ecriselllr
785,Dona,Bellino,dbellinols@bing.com,dbellinols
786,Davie,Maunton,dmauntonlt@typepad.com,dmauntonlt
787,Marjory,Buckham,mbuckhamlu@etsy.com,mbuckhamlu
788,Rubetta,Loughran,rloughranlv@free.fr,rloughranlv
789,Chicky,Widdicombe,cwiddicombelw@dyndns.org,cwiddicombelw
790,Hedvige,Malser,hmalserlx@qq.com,hmalserlx
791,Esra,Moores,emooresly@pen.io,emooresly
792,Latisha,Cordner,lcordnerlz@xinhuanet.com,lcordnerlz
793,Johannes,Minchi,jminchim0@acquirethisname.com,jminchim0
794,Obed,Robken,orobkenm1@issuu.com,orobkenm1
795,Almeda,McMarquis,amcmarquism2@newsvine.com,amcmarquism2
796,Artemis,McKall,amckallm3@ucla.edu,amckallm3
797,Milka,Kintish,mkintishm4@yellowpages.com,mkintishm4
798,Kim,Keyzman,kkeyzmanm5@unblog.fr,kkeyzmanm5
799,Kerwin,Onge,kongem6@tinyurl.com,kongem6
800,Ulric,Eusden,ueusdenm7@admin.ch,ueusdenm7
801,Eva,Casine,ecasinem8@google.pl,ecasinem8
802,Iolanthe,Daws,idawsm9@miibeian.gov.cn,idawsm9
803,Averil,Males,amalesma@symantec.com,amalesma
804,Sue,Fishe,sfishemb@taobao.com,sfishemb
805,Morgana,Sweetlove,msweetlovemc@edublogs.org,msweetlovemc
806,Bianka,Pfeffer,bpfeffermd@com.com,bpfeffermd
807,Raynor,Budding,rbuddingme@psu.edu,rbuddingme
808,Emalia,Temperton,etempertonmf@hhs.gov,etempertonmf
809,Maggy,Brunroth,mbrunrothmg@nifty.com,mbrunrothmg
810,Corabella,Lindbergh,clindberghmh@github.com,clindberghmh
811,Ulla,Dripps,udrippsmi@seattletimes.com,udrippsmi
812,Mela,Dyet,mdyetmj@gmpg.org,mdyetmj
813,Renard,Gethen,rgethenmk@pen.io,rgethenmk
814,Clem,Ennever,cenneverml@blog.com,cenneverml
815,Katherine,Blesdill,kblesdillmm@ibm.com,kblesdillmm
816,Bank,Ordidge,bordidgemn@java.com,bordidgemn
817,Lesly,Santorini,lsantorinimo@oracle.com,lsantorinimo
818,Elwyn,Bonsale,ebonsalemp@prnewswire.com,ebonsalemp
819,Tymon,Thorouggood,tthorouggoodmq@1688.com,tthorouggoodmq
820,Franklyn,Gianolini,fgianolinimr@toplist.cz,fgianolinimr
821,Yorgos,Longdon,ylongdonms@un.org,ylongdonms
822,Mathias,Irnis,mirnismt@dropbox.com,mirnismt
823,Thia,Kilfeather,tkilfeathermu@sitemeter.com,tkilfeathermu
824,Latashia,Munnion,lmunnionmv@typepad.com,lmunnionmv
825,Donavon,Dingle,ddinglemw@fc2.com,ddinglemw
826,Leonid,Coyett,lcoyettmx@ihg.com,lcoyettmx
827,Jackelyn,Beszant,jbeszantmy@comsenz.com,jbeszantmy
828,Dyan,Scoggan,dscogganmz@europa.eu,dscogganmz
829,Marje,Francesconi,mfrancesconin0@gravatar.com,mfrancesconin0
830,Noby,Lyal,nlyaln1@wikispaces.com,nlyaln1
831,Olympia,Starbucke,ostarbucken2@vimeo.com,ostarbucken2
832,Mattie,Blampy,mblampyn3@mit.edu,mblampyn3
833,Arnold,Coolahan,acoolahann4@nasa.gov,acoolahann4
834,Frazer,Saunders,fsaundersn5@stanford.edu,fsaundersn5
835,Erin,Goldsby,egoldsbyn6@surveymonkey.com,egoldsbyn6
836,Ilyse,Frenzl,ifrenzln7@pinterest.com,ifrenzln7
837,Gaylord,Caukill,gcaukilln8@howstuffworks.com,gcaukilln8
838,Harley,Tuft,htuftn9@omniture.com,htuftn9
839,Nataline,Rides,nridesna@sun.com,nridesna
840,Lynnea,Greatreax,lgreatreaxnb@amazon.co.jp,lgreatreaxnb
841,Elisha,Shildrake,eshildrakenc@yahoo.com,eshildrakenc
842,Samantha,Roches,srochesnd@ustream.tv,srochesnd
843,Neddie,Terbruggen,nterbruggenne@ocn.ne.jp,nterbruggenne
844,Neil,Beckett,nbeckettnf@com.com,nbeckettnf
845,Ruprecht,Glitherow,rglitherowng@who.int,rglitherowng
846,Trenton,Vaughton,tvaughtonnh@cmu.edu,tvaughtonnh
847,Montague,MacGiffin,mmacgiffinni@vkontakte.ru,mmacgiffinni
848,Geoffrey,Kubasek,gkubaseknj@comsenz.com,gkubaseknj
849,Melba,O' Donohue,modonohuenk@list-manage.com,modonohuenk
850,Nester,Claremont,nclaremontnl@etsy.com,nclaremontnl
851,Carroll,Jekel,cjekelnm@csmonitor.com,cjekelnm
852,Elsie,Pavett,epavettnn@wp.com,epavettnn
853,Sher,Forson,sforsonno@miibeian.gov.cn,sforsonno
854,Delmar,Edgerly,dedgerlynp@time.com,dedgerlynp
855,Piotr,Corstorphine,pcorstorphinenq@bing.com,pcorstorphinenq
856,Christy,Harsent,charsentnr@bloomberg.com,charsentnr
857,Abbie,Hambelton,ahambeltonns@zdnet.com,ahambeltonns
858,Doyle,Neilson,dneilsonnt@toplist.cz,dneilsonnt
859,Skylar,Rushworth,srushworthnu@ox.ac.uk,srushworthnu
860,Merell,Swaton,mswatonnv@theglobeandmail.com,mswatonnv
861,Clarine,Wildor,cwildornw@nba.com,cwildornw
862,Idell,Lothean,ilotheannx@blogs.com,ilotheannx
863,Adel,Ratcliffe,aratcliffeny@lycos.com,aratcliffeny
864,Andrus,Crosfeld,acrosfeldnz@ed.gov,acrosfeldnz
865,Marrissa,Groves,mgroveso0@howstuffworks.com,mgroveso0
866,Howie,Trevithick,htrevithicko1@huffingtonpost.com,htrevithicko1
867,Berget,Itzcovichch,bitzcovichcho2@shareasale.com,bitzcovichcho2
868,Sherie,Goudman,sgoudmano3@mtv.com,sgoudmano3
869,Krishna,Kirke,kkirkeo4@apache.org,kkirkeo4
870,Gavra,Galliard,ggalliardo5@scribd.com,ggalliardo5
871,Annette,Spaunton,aspauntono6@gizmodo.com,aspauntono6
872,Jaquelin,Shiell,jshiello7@privacy.gov.au,jshiello7
873,Candide,Mc Mechan,cmcmechano8@zdnet.com,cmcmechano8
874,Stephine,Mewis,smewiso9@uiuc.edu,smewiso9
875,Ker,Dennis,kdennisoa@tmall.com,kdennisoa
876,Stavros,Helbeck,shelbeckob@google.co.uk,shelbeckob
877,Carroll,Hackinge,chackingeoc@yandex.ru,chackingeoc
878,Marion,Beat,mbeatod@nih.gov,mbeatod
879,Winthrop,Giacobini,wgiacobinioe@ocn.ne.jp,wgiacobinioe
880,Karin,Petrovykh,kpetrovykhof@constantcontact.com,kpetrovykhof
881,Shaylynn,Eldershaw,seldershawog@tuttocitta.it,seldershawog
882,Rutger,Fawthrop,rfawthropoh@reuters.com,rfawthropoh
883,Carr,Goodsir,cgoodsiroi@bravesites.com,cgoodsiroi
884,Kelley,Kleiser,kkleiseroj@hibu.com,kkleiseroj
885,Aurilia,Critzen,acritzenok@google.com,acritzenok
886,Florance,Feander,ffeanderol@vinaora.com,ffeanderol
887,Lorettalorna,Harsum,lharsumom@theatlantic.com,lharsumom
888,Humfrid,Gribbins,hgribbinson@usatoday.com,hgribbinson
889,Kaleb,Lister,klisteroo@unc.edu,klisteroo
890,Caro,Swaisland,cswaislandop@networkadvertising.org,cswaislandop
891,Jayne,Frosdick,jfrosdickoq@themeforest.net,jfrosdickoq
892,Lindon,Woollacott,lwoollacottor@wikipedia.org,lwoollacottor
893,Edith,Mellodey,emellodeyos@businesswire.com,emellodeyos
894,Bartholomew,Treby,btrebyot@cnn.com,btrebyot
895,Cherish,Jordanson,cjordansonou@mysql.com,cjordansonou
896,Glyn,Cansdill,gcansdillov@nymag.com,gcansdillov
897,Culver,Baddeley,cbaddeleyow@umich.edu,cbaddeleyow
898,Sly,Haversham,shavershamox@ihg.com,shavershamox
899,Bond,Lensch,blenschoy@smugmug.com,blenschoy
900,Dew,Ellicock,dellicockoz@blinklist.com,dellicockoz
901,Catha,Stanmore,cstanmorep0@yolasite.com,cstanmorep0
902,Stavro,Stow,sstowp1@redcross.org,sstowp1
903,Hedvige,Petticrew,hpetticrewp2@qq.com,hpetticrewp2
904,Algernon,Blazevic,ablazevicp3@google.cn,ablazevicp3
905,Belvia,Lumbly,blumblyp4@hhs.gov,blumblyp4
906,Georgie,Guerrazzi,gguerrazzip5@e-recht24.de,gguerrazzip5
907,Lianna,Gossington,lgossingtonp6@plala.or.jp,lgossingtonp6
908,Gladys,Agent,gagentp7@sina.com.cn,gagentp7
909,Berna,Acom,bacomp8@opera.com,bacomp8
910,Elbertine,Worden,ewordenp9@mlb.com,ewordenp9
911,Alanna,Bicksteth,abickstethpa@youtu.be,abickstethpa
912,Flossie,Farrance,ffarrancepb@booking.com,ffarrancepb
913,Ermin,Banat,ebanatpc@360.cn,ebanatpc
914,Augy,Tansill,atansillpd@mtv.com,atansillpd
915,Chester,Ligertwood,cligertwoodpe@eventbrite.com,cligertwoodpe
916,Hayes,Rundall,hrundallpf@hhs.gov,hrundallpf
917,Theodor,Sallinger,tsallingerpg@canalblog.com,tsallingerpg
918,Orren,McNaughton,omcnaughtonph@illinois.edu,omcnaughtonph
919,Brock,Crosen,bcrosenpi@ehow.com,bcrosenpi
920,Estelle,Wagstaff,ewagstaffpj@jugem.jp,ewagstaffpj
921,Mabelle,McTeer,mmcteerpk@reddit.com,mmcteerpk
922,Fabiano,Gerish,fgerishpl@mozilla.com,fgerishpl
923,Rudolfo,Lidgett,rlidgettpm@reuters.com,rlidgettpm
924,Bria,Pickford,bpickfordpn@japanpost.jp,bpickfordpn
925,Stacie,Ruegg,srueggpo@soundcloud.com,srueggpo
926,Brnaby,Sivills,bsivillspp@accuweather.com,bsivillspp
927,Codee,Goncalo,cgoncalopq@oracle.com,cgoncalopq
928,Tallulah,Werner,twernerpr@buzzfeed.com,twernerpr
929,Anica,Buddle,abuddleps@networksolutions.com,abuddleps
930,Hyatt,Bachanski,hbachanskipt@usda.gov,hbachanskipt
931,Kaitlynn,Klemencic,kklemencicpu@independent.co.uk,kklemencicpu
932,Barthel,Roddam,broddampv@blogtalkradio.com,broddampv
933,Shell,Klehn,sklehnpw@theguardian.com,sklehnpw
934,Vaughn,Marxsen,vmarxsenpx@qq.com,vmarxsenpx
935,Waly,Vince,wvincepy@tamu.edu,wvincepy
936,Dene,Ayto,daytopz@cnn.com,daytopz
937,Shalne,Patry,spatryq0@nationalgeographic.com,spatryq0
938,Stuart,Laytham,slaythamq1@dell.com,slaythamq1
939,Greta,Bibey,gbibeyq2@apache.org,gbibeyq2
940,Amalie,Soal,asoalq3@discuz.net,asoalq3
941,Miof mela,Derks,mderksq4@tiny.cc,mderksq4
942,Alonso,Beatty,abeattyq5@businesswire.com,abeattyq5
943,Arnoldo,Jerdon,ajerdonq6@un.org,ajerdonq6
944,Aguste,Tomicki,atomickiq7@theguardian.com,atomickiq7
945,Abraham,Rilston,arilstonq8@nymag.com,arilstonq8
946,Terrijo,Simnor,tsimnorq9@zdnet.com,tsimnorq9
947,Lorie,Tregoning,ltregoningqa@baidu.com,ltregoningqa
948,Laurel,Bearn,lbearnqb@theglobeandmail.com,lbearnqb
949,Huberto,Phipps,hphippsqc@netvibes.com,hphippsqc
950,Carolin,Pennells,cpennellsqd@illinois.edu,cpennellsqd
951,Terra,Mundell,tmundellqe@aboutads.info,tmundellqe
952,Auguste,Geldard,ageldardqf@newyorker.com,ageldardqf
953,Clerissa,Simone,csimoneqg@bloomberg.com,csimoneqg
954,Dunstan,Brenneke,dbrennekeqh@shinystat.com,dbrennekeqh
955,Tracy,Feavers,tfeaversqi@dion.ne.jp,tfeaversqi
956,Ivie,Clowes,iclowesqj@wired.com,iclowesqj
957,Clem,Nilges,cnilgesqk@shareasale.com,cnilgesqk
958,Gwendolyn,Lumsdon,glumsdonql@google.cn,glumsdonql
959,Jackquelin,Biermatowicz,jbiermatowiczqm@amazon.co.jp,jbiermatowiczqm
960,Veda,Breckin,vbreckinqn@angelfire.com,vbreckinqn
961,Sherlocke,Antill,santillqo@walmart.com,santillqo
962,Naomi,Braunds,nbraundsqp@blogger.com,nbraundsqp
963,Grata,Ferenczy,gferenczyqq@phpbb.com,gferenczyqq
964,Lanae,Rosenberger,lrosenbergerqr@nsw.gov.au,lrosenbergerqr
965,Dore,Stapleford,dstaplefordqs@sakura.ne.jp,dstaplefordqs
966,Johnny,Jamson,jjamsonqt@princeton.edu,jjamsonqt
967,Hilliary,Melsom,hmelsomqu@fotki.com,hmelsomqu
968,Wilie,Ormston,wormstonqv@mail.ru,wormstonqv
969,Wanda,Tabbernor,wtabbernorqw@state.gov,wtabbernorqw
970,Lenore,Jacketts,ljackettsqx@altervista.org,ljackettsqx
971,Hamil,Bernini,hberniniqy@noaa.gov,hberniniqy
972,Frederick,Keijser,fkeijserqz@addthis.com,fkeijserqz
973,Veronique,Yokel,vyokelr0@time.com,vyokelr0
974,Ronalda,Hryncewicz,rhryncewiczr1@huffingtonpost.com,rhryncewiczr1
975,Shelba,Berrill,sberrillr2@meetup.com,sberrillr2
976,Gretna,Cockshut,gcockshutr3@desdev.cn,gcockshutr3
977,Storm,Spridgen,sspridgenr4@msu.edu,sspridgenr4
978,Hanan,Tallant,htallantr5@netvibes.com,htallantr5
979,Rowe,Cuxon,rcuxonr6@networkadvertising.org,rcuxonr6
980,Joceline,Jeacop,jjeacopr7@ox.ac.uk,jjeacopr7
981,Dallon,Fairbairn,dfairbairnr8@answers.com,dfairbairnr8
982,Noah,Machel,nmachelr9@xrea.com,nmachelr9
983,Lisette,Caldero,lcalderora@biblegateway.com,lcalderora
984,Yolanthe,Nowlan,ynowlanrb@dropbox.com,ynowlanrb
985,Lettie,Bynold,lbynoldrc@senate.gov,lbynoldrc
986,Nat,Cummings,ncummingsrd@merriam-webster.com,ncummingsrd
987,Ashbey,Vreiberg,avreibergre@latimes.com,avreibergre
988,Mada,Rangeley,mrangeleyrf@squarespace.com,mrangeleyrf
989,Bartholomeus,Lehrmann,blehrmannrg@linkedin.com,blehrmannrg
990,Sheryl,Avramovsky,savramovskyrh@chicagotribune.com,savramovskyrh
991,Bonny,Carruthers,bcarruthersri@xinhuanet.com,bcarruthersri
992,Stanleigh,Acome,sacomerj@cbslocal.com,sacomerj
993,Vina,Luckcuck,vluckcuckrk@tuttocitta.it,vluckcuckrk
994,Jackie,Leyborne,jleybornerl@bigcartel.com,jleybornerl
995,Marielle,Currom,mcurromrm@addthis.com,mcurromrm
996,Carlie,Flawith,cflawithrn@jalbum.net,cflawithrn
997,Isidoro,D'Oyley,idoyleyro@constantcontact.com,idoyleyro
998,D'arcy,Branigan,dbraniganrp@163.com,dbraniganrp
999,Gordy,Kolodziej,gkolodziejrq@lulu.com,gkolodziejrq
1000,Mattias,Lorente,mlorenterr@over-blog.com,mlorenterr
